codigo_municipio,data,temp_min,temp_max,data_coleta
3300100,2026-10-09,19,32,2026-10-09 11:05:47
3300100,2026-10-10,17,37,2026-10-09 11:05:47
3300100,2026-10-11,17,28,2026-10-09 11:05:47
3300100,2026-10-12,17,30,2026-10-09 11:05:47
3300100,2026-10-13,16,32,2026-10-09 11:05:47
3300159,2026-10-09,21,33,2026-10-09 11:05:55
3300159,2026-10-10,23,33,2026-10-09 11:05:55
3300159,2026-10-11,24,32,2026-10-09 11:05:55
3300159,2026-10-12,23,32,2026-10-09 11:05:55
3300159,2026-10-13,22,33,2026-10-09 11:05:55
3300209,2026-10-09,19,34,2026-10-09 11:06:05
3300209,2026-10-10,22,34,2026-10-09 11:06:05
3300209,2026-10-11,23,31,2026-10-09 11:06:05
3300209,2026-10-12,22,31,2026-10-09 11:06:05
3300209,2026-10-13,21,32,2026-10-09 11:06:05
3300225,2026-10-09,20,30,2026-10-09 11:06:14
3300225,2026-10-10,21,30,2026-10-09 11:06:14
3300225,2026-10-11,20,29,2026-10-09 11:06:14
3300225,2026-10-12,21,27,2026-10-09 11:06:14
3300225,2026-10-13,21,29,2026-10-09 11:06:14
3300233,2026-10-09,23,25,2026-10-09 11:06:21
3300233,2026-10-10,23,25,2026-10-09 11:06:21
3300233,2026-10-11,23,25,2026-10-09 11:06:21
3300233,2026-10-12,23,25,2026-10-09 11:06:21
3300233,2026-10-13,23,25,2026-10-09 11:06:21
3300258,2026-10-09,21,31,2026-10-09 11:06:28
3300258,2026-10-10,22,33,2026-10-09 11:06:28
3300258,2026-10-11,23,27,2026-10-09 11:06:29
3300258,2026-10-12,22,29,2026-10-09 11:06:29
3300258,2026-10-13,22,31,2026-10-09 11:06:29
3300308,2026-10-09,19,35,2026-10-09 11:06:36
3300308,2026-10-10,19,37,2026-10-09 11:06:37
3300308,2026-10-11,19,31,2026-10-09 11:06:37
3300308,2026-10-12,19,28,2026-10-09 11:06:37
3300308,2026-10-13,20,34,2026-10-09 11:06:37
3300407,2026-10-09,20,33,2026-10-09 11:06:48
3300407,2026-10-10,20,36,2026-10-09 11:06:48
3300407,2026-10-11,20,32,2026-10-09 11:06:48
3300407,2026-10-12,19,26,2026-10-09 11:06:48
3300407,2026-10-13,20,32,2026-10-09 11:06:48
3300456,2026-10-09,20,34,2026-10-09 11:06:57
3300456,2026-10-10,23,36,2026-10-09 11:06:57
3300456,2026-10-11,23,31,2026-10-09 11:06:57
3300456,2026-10-12,22,27,2026-10-09 11:06:58
3300456,2026-10-13,21,35,2026-10-09 11:06:58
3300506,2026-10-09,18,30,2026-10-09 11:07:07
3300506,2026-10-10,20,30,2026-10-09 11:07:07
3300506,2026-10-11,19,29,2026-10-09 11:07:07
3300506,2026-10-12,18,27,2026-10-09 11:07:07
3300506,2026-10-13,18,29,2026-10-09 11:07:07
3300605,2026-10-09,20,33,2026-10-09 11:07:14
3300605,2026-10-10,20,35,2026-10-09 11:07:14
3300605,2026-10-11,20,34,2026-10-09 11:07:14
3300605,2026-10-12,19,34,2026-10-09 11:07:14
3300605,2026-10-13,19,33,2026-10-09 11:07:14
3300704,2026-10-09,21,31,2026-10-09 11:07:21
3300704,2026-10-10,22,33,2026-10-09 11:07:21
3300704,2026-10-11,23,31,2026-10-09 11:07:21
3300704,2026-10-12,23,31,2026-10-09 11:07:21
3300704,2026-10-13,22,31,2026-10-09 11:07:21
3300803,2026-10-09,16,34,2026-10-09 11:07:28
3300803,2026-10-10,17,36,2026-10-09 11:07:28
3300803,2026-10-11,18,30,2026-10-09 11:07:29
3300803,2026-10-12,17,29,2026-10-09 11:07:29
3300803,2026-10-13,18,36,2026-10-09 11:07:29
3300902,2026-10-09,20,34,2026-10-09 11:07:38
3300902,2026-10-10,22,34,2026-10-09 11:07:38
3300902,2026-10-11,21,34,2026-10-09 11:07:38
3300902,2026-10-12,21,33,2026-10-09 11:07:38
3300902,2026-10-13,21,32,2026-10-09 11:07:38
3300936,2026-10-09,20,35,2026-10-09 11:07:47
3300936,2026-10-10,22,34,2026-10-09 11:07:47
3300936,2026-10-11,23,33,2026-10-09 11:07:47
3300936,2026-10-12,22,33,2026-10-09 11:07:47
3300936,2026-10-13,21,31,2026-10-09 11:07:47
3300951,2026-10-09,21,32,2026-10-09 11:07:58
3300951,2026-10-10,22,33,2026-10-09 11:07:58
3300951,2026-10-11,21,31,2026-10-09 11:07:58
3300951,2026-10-12,22,30,2026-10-09 11:07:58
3300951,2026-10-13,21,32,2026-10-09 11:07:58
3301009,2026-10-09,18,34,2026-10-09 11:08:05
3301009,2026-10-10,19,35,2026-10-09 11:08:05
3301009,2026-10-11,19,35,2026-10-09 11:08:05
3301009,2026-10-12,18,34,2026-10-09 11:08:05
3301009,2026-10-13,20,34,2026-10-09 11:08:05
3301108,2026-10-09,19,32,2026-10-09 11:08:15
3301108,2026-10-10,21,33,2026-10-09 11:08:15
3301108,2026-10-11,21,31,2026-10-09 11:08:15
3301108,2026-10-12,21,31,2026-10-09 11:08:15
3301108,2026-10-13,20,32,2026-10-09 11:08:15
3301157,2026-10-09,21,33,2026-10-09 11:08:26
3301157,2026-10-10,22,34,2026-10-09 11:08:26
3301157,2026-10-11,22,34,2026-10-09 11:08:26
3301157,2026-10-12,22,33,2026-10-09 11:08:26
3301157,2026-10-13,21,33,2026-10-09 11:08:26
3301207,2026-10-09,19,32,2026-10-09 11:08:36
3301207,2026-10-10,21,33,2026-10-09 11:08:36
3301207,2026-10-11,21,32,2026-10-09 11:08:36
3301207,2026-10-12,20,30,2026-10-09 11:08:36
3301207,2026-10-13,21,32,2026-10-09 11:08:36
3301306,2026-10-09,20,34,2026-10-09 11:08:44
3301306,2026-10-10,21,34,2026-10-09 11:08:44
3301306,2026-10-11,20,31,2026-10-09 11:08:44
3301306,2026-10-12,19,31,2026-10-09 11:08:44
3301306,2026-10-13,21,33,2026-10-09 11:08:44
3301405,2026-10-09,20,35,2026-10-09 11:08:55
3301405,2026-10-10,21,34,2026-10-09 11:08:55
3301405,2026-10-11,22,33,2026-10-09 11:08:55
3301405,2026-10-12,22,33,2026-10-09 11:08:55
3301405,2026-10-13,21,32,2026-10-09 11:08:55
3301504,2026-10-09,20,30,2026-10-09 11:09:02
3301504,2026-10-10,22,30,2026-10-09 11:09:02
3301504,2026-10-11,21,28,2026-10-09 11:09:02
3301504,2026-10-12,21,27,2026-10-09 11:09:02
3301504,2026-10-13,20,29,2026-10-09 11:09:02
3301603,2026-10-09,19,30,2026-10-09 11:09:11
3301603,2026-10-10,20,29,2026-10-09 11:09:11
3301603,2026-10-11,20,28,2026-10-09 11:09:11
3301603,2026-10-12,19,27,2026-10-09 11:09:11
3301603,2026-10-13,19,29,2026-10-09 11:09:11
3301702,2026-10-09,19,34,2026-10-09 11:09:18
3301702,2026-10-10,19,38,2026-10-09 11:09:18
3301702,2026-10-11,19,31,2026-10-09 11:09:18
3301702,2026-10-12,18,27,2026-10-09 11:09:18
3301702,2026-10-13,19,35,2026-10-09 11:09:18
3301801,2026-10-09,19,31,2026-10-09 11:09:25
3301801,2026-10-10,19,31,2026-10-09 11:09:25
3301801,2026-10-11,19,26,2026-10-09 11:09:25
3301801,2026-10-12,19,25,2026-10-09 11:09:25
3301801,2026-10-13,20,29,2026-10-09 11:09:25
3301850,2026-10-09,19,34,2026-10-09 11:09:34
3301850,2026-10-10,20,37,2026-10-09 11:09:34
3301850,2026-10-11,20,31,2026-10-09 11:09:34
3301850,2026-10-12,19,28,2026-10-09 11:09:34
3301850,2026-10-13,20,33,2026-10-09 11:09:34
3301876,2026-10-09,23,24,2026-10-09 11:09:45
3301876,2026-10-10,23,25,2026-10-09 11:09:45
3301876,2026-10-11,23,24,2026-10-09 11:09:45
3301876,2026-10-12,22,24,2026-10-09 11:09:45
3301876,2026-10-13,23,25,2026-10-09 11:09:45
3301900,2026-10-09,20,34,2026-10-09 11:09:54
3301900,2026-10-10,22,36,2026-10-09 11:09:54
3301900,2026-10-11,22,30,2026-10-09 11:09:54
3301900,2026-10-12,22,28,2026-10-09 11:09:54
3301900,2026-10-13,21,32,2026-10-09 11:09:54
3302007,2026-10-09,20,35,2026-10-09 11:10:02
3302007,2026-10-10,21,37,2026-10-09 11:10:02
3302007,2026-10-11,20,32,2026-10-09 11:10:02
3302007,2026-10-12,20,29,2026-10-09 11:10:02
3302007,2026-10-13,20,33,2026-10-09 11:10:02
3302056,2026-10-09,21,33,2026-10-09 11:10:09
3302056,2026-10-10,22,34,2026-10-09 11:10:09
3302056,2026-10-11,22,34,2026-10-09 11:10:09
3302056,2026-10-12,22,34,2026-10-09 11:10:09
3302056,2026-10-13,21,33,2026-10-09 11:10:09
3302106,2026-10-09,20,33,2026-10-09 11:10:17
3302106,2026-10-10,23,34,2026-10-09 11:10:17
3302106,2026-10-11,23,32,2026-10-09 11:10:17
3302106,2026-10-12,23,32,2026-10-09 11:10:17
3302106,2026-10-13,21,33,2026-10-09 11:10:17
3302205,2026-10-09,21,34,2026-10-09 11:10:26
3302205,2026-10-10,21,35,2026-10-09 11:10:26
3302205,2026-10-11,22,34,2026-10-09 11:10:26
3302205,2026-10-12,22,34,2026-10-09 11:10:26
3302205,2026-10-13,21,34,2026-10-09 11:10:26
3302254,2026-10-09,16,32,2026-10-09 11:10:34
3302254,2026-10-10,15,33,2026-10-09 11:10:34
3302254,2026-10-11,15,28,2026-10-09 11:10:34
3302254,2026-10-12,15,25,2026-10-09 11:10:34
3302254,2026-10-13,15,28,2026-10-09 11:10:34
3302270,2026-10-09,19,36,2026-10-09 11:10:41
3302270,2026-10-10,23,37,2026-10-09 11:10:41
3302270,2026-10-11,22,33,2026-10-09 11:10:41
3302270,2026-10-12,22,28,2026-10-09 11:10:41
3302270,2026-10-13,22,34,2026-10-09 11:10:41
3302304,2026-10-09,20,33,2026-10-09 11:10:50
3302304,2026-10-10,22,35,2026-10-09 11:10:50
3302304,2026-10-11,22,34,2026-10-09 11:10:50
3302304,2026-10-12,22,33,2026-10-09 11:10:50
3302304,2026-10-13,21,32,2026-10-09 11:10:50
3302403,2026-10-09,19,35,2026-10-09 11:11:00
3302403,2026-10-10,19,35,2026-10-09 11:11:00
3302403,2026-10-11,19,35,2026-10-09 11:11:00
3302403,2026-10-12,18,33,2026-10-09 11:11:00
3302403,2026-10-13,20,33,2026-10-09 11:11:00
3302452,2026-10-09,20,31,2026-10-09 11:11:09
3302452,2026-10-10,22,31,2026-10-09 11:11:09
3302452,2026-10-11,22,30,2026-10-09 11:11:09
3302452,2026-10-12,21,29,2026-10-09 11:11:09
3302452,2026-10-13,21,30,2026-10-09 11:11:09
3302502,2026-10-09,19,34,2026-10-09 11:11:19
3302502,2026-10-10,19,36,2026-10-09 11:11:19
3302502,2026-10-11,19,30,2026-10-09 11:11:19
3302502,2026-10-12,18,28,2026-10-09 11:11:19
3302502,2026-10-13,19,33,2026-10-09 11:11:19
3302601,2026-10-09,20,32,2026-10-09 11:11:28
3302601,2026-10-10,19,36,2026-10-09 11:11:28
3302601,2026-10-11,18,29,2026-10-09 11:11:28
3302601,2026-10-12,19,27,2026-10-09 11:11:28
3302601,2026-10-13,18,32,2026-10-09 11:11:28
3302700,2026-10-09,20,33,2026-10-09 11:11:37
3302700,2026-10-10,22,36,2026-10-09 11:11:37
3302700,2026-10-11,22,28,2026-10-09 11:11:37
3302700,2026-10-12,21,27,2026-10-09 11:11:37
3302700,2026-10-13,21,31,2026-10-09 11:11:37
3302809,2026-10-09,20,32,2026-10-09 11:11:48
3302809,2026-10-10,20,33,2026-10-09 11:11:48
3302809,2026-10-11,20,28,2026-10-09 11:11:48
3302809,2026-10-12,20,26,2026-10-09 11:11:48
3302809,2026-10-13,20,31,2026-10-09 11:11:48
3302858,2026-10-09,20,34,2026-10-09 11:11:55
3302858,2026-10-10,23,36,2026-10-09 11:11:55
3302858,2026-10-11,22,32,2026-10-09 11:11:55
3302858,2026-10-12,22,27,2026-10-09 11:11:55
3302858,2026-10-13,21,33,2026-10-09 11:11:55
3302908,2026-10-09,20,35,2026-10-09 11:12:05
3302908,2026-10-10,19,36,2026-10-09 11:12:05
3302908,2026-10-11,19,31,2026-10-09 11:12:05
3302908,2026-10-12,18,28,2026-10-09 11:12:05
3302908,2026-10-13,20,33,2026-10-09 11:12:05
3303005,2026-10-09,21,32,2026-10-09 11:12:14
3303005,2026-10-10,22,33,2026-10-09 11:12:14
3303005,2026-10-11,23,33,2026-10-09 11:12:14
3303005,2026-10-12,22,32,2026-10-09 11:12:14
3303005,2026-10-13,21,33,2026-10-09 11:12:14
3303104,2026-10-09,20,32,2026-10-09 11:12:24
3303104,2026-10-10,20,35,2026-10-09 11:12:24
3303104,2026-10-11,21,34,2026-10-09 11:12:24
3303104,2026-10-12,20,34,2026-10-09 11:12:24
3303104,2026-10-13,20,34,2026-10-09 11:12:24
3303203,2026-10-09,22,24,2026-10-09 11:12:31
3303203,2026-10-10,23,25,2026-10-09 11:12:31
3303203,2026-10-11,22,25,2026-10-09 11:12:31
3303203,2026-10-12,22,25,2026-10-09 11:12:31
3303203,2026-10-13,22,26,2026-10-09 11:12:31
3303302,2026-10-09,20,32,2026-10-09 11:12:39
3303302,2026-10-10,23,37,2026-10-09 11:12:39
3303302,2026-10-11,22,28,2026-10-09 11:12:39
3303302,2026-10-12,22,28,2026-10-09 11:12:39
3303302,2026-10-13,21,31,2026-10-09 11:12:39
3303401,2026-10-09,17,29,2026-10-09 11:12:49
3303401,2026-10-10,17,29,2026-10-09 11:12:49
3303401,2026-10-11,17,27,2026-10-09 11:12:49
3303401,2026-10-12,16,25,2026-10-09 11:12:49
3303401,2026-10-13,16,28,2026-10-09 11:12:49
3303500,2026-10-09,20,35,2026-10-09 11:12:58
3303500,2026-10-10,20,38,2026-10-09 11:12:58
3303500,2026-10-11,20,34,2026-10-09 11:12:58
3303500,2026-10-12,19,29,2026-10-09 11:12:58
3303500,2026-10-13,20,35,2026-10-09 11:12:58
3303609,2026-10-09,20,35,2026-10-09 11:13:09
3303609,2026-10-10,20,36,2026-10-09 11:13:09
3303609,2026-10-11,20,32,2026-10-09 11:13:09
3303609,2026-10-12,20,28,2026-10-09 11:13:09
3303609,2026-10-13,20,33,2026-10-09 11:13:09
3303708,2026-10-09,20,32,2026-10-09 11:13:17
3303708,2026-10-10,21,33,2026-10-09 11:13:17
3303708,2026-10-11,20,29,2026-10-09 11:13:17
3303708,2026-10-12,20,29,2026-10-09 11:13:17
3303708,2026-10-13,20,31,2026-10-09 11:13:17
3303807,2026-10-09,19,30,2026-10-09 11:13:26
3303807,2026-10-10,16,33,2026-10-09 11:13:26
3303807,2026-10-11,16,27,2026-10-09 11:13:26
3303807,2026-10-12,17,26,2026-10-09 11:13:26
3303807,2026-10-13,14,33,2026-10-09 11:13:26
3303856,2026-10-09,19,32,2026-10-09 11:13:35
3303856,2026-10-10,19,33,2026-10-09 11:13:35
3303856,2026-10-11,19,28,2026-10-09 11:13:35
3303856,2026-10-12,19,28,2026-10-09 11:13:35
3303856,2026-10-13,19,31,2026-10-09 11:13:35
3303906,2026-10-09,17,30,2026-10-09 11:13:44
3303906,2026-10-10,18,34,2026-10-09 11:13:45
3303906,2026-10-11,18,29,2026-10-09 11:13:45
3303906,2026-10-12,18,28,2026-10-09 11:13:45
3303906,2026-10-13,17,31,2026-10-09 11:13:45
3303955,2026-10-09,20,32,2026-10-09 11:13:54
3303955,2026-10-10,22,36,2026-10-09 11:13:55
3303955,2026-10-11,22,31,2026-10-09 11:13:55
3303955,2026-10-12,21,26,2026-10-09 11:13:55
3303955,2026-10-13,21,32,2026-10-09 11:13:55
3304003,2026-10-09,19,35,2026-10-09 11:14:02
3304003,2026-10-10,21,37,2026-10-09 11:14:02
3304003,2026-10-11,21,32,2026-10-09 11:14:02
3304003,2026-10-12,20,27,2026-10-09 11:14:02
3304003,2026-10-13,20,34,2026-10-09 11:14:02
3304102,2026-10-09,20,35,2026-10-09 11:14:11
3304102,2026-10-10,19,34,2026-10-09 11:14:11
3304102,2026-10-11,20,34,2026-10-09 11:14:11
3304102,2026-10-12,18,34,2026-10-09 11:14:11
3304102,2026-10-13,20,34,2026-10-09 11:14:11
3304110,2026-10-09,20,32,2026-10-09 11:14:21
3304110,2026-10-10,22,34,2026-10-09 11:14:21
3304110,2026-10-11,21,30,2026-10-09 11:14:21
3304110,2026-10-12,20,26,2026-10-09 11:14:22
3304110,2026-10-13,20,30,2026-10-09 11:14:22
3304128,2026-10-09,20,32,2026-10-09 11:14:32
3304128,2026-10-10,21,34,2026-10-09 11:14:32
3304128,2026-10-11,20,31,2026-10-09 11:14:32
3304128,2026-10-12,20,27,2026-10-09 11:14:32
3304128,2026-10-13,20,30,2026-10-09 11:14:32
3304144,2026-10-09,20,35,2026-10-09 11:14:41
3304144,2026-10-10,23,37,2026-10-09 11:14:41
3304144,2026-10-11,22,33,2026-10-09 11:14:41
3304144,2026-10-12,22,29,2026-10-09 11:14:42
3304144,2026-10-13,22,34,2026-10-09 11:14:42
3304151,2026-10-09,20,35,2026-10-09 11:14:52
3304151,2026-10-10,21,34,2026-10-09 11:14:52
3304151,2026-10-11,22,34,2026-10-09 11:14:52
3304151,2026-10-12,22,34,2026-10-09 11:14:52
3304151,2026-10-13,21,33,2026-10-09 11:14:52
3304201,2026-10-09,15,34,2026-10-09 11:15:01
3304201,2026-10-10,15,35,2026-10-09 11:15:01
3304201,2026-10-11,15,31,2026-10-09 11:15:01
3304201,2026-10-12,15,27,2026-10-09 11:15:01
3304201,2026-10-13,15,30,2026-10-09 11:15:01
3304300,2026-10-09,19,33,2026-10-09 11:15:12
3304300,2026-10-10,22,35,2026-10-09 11:15:12
3304300,2026-10-11,22,27,2026-10-09 11:15:12
3304300,2026-10-12,21,28,2026-10-09 11:15:12
3304300,2026-10-13,21,34,2026-10-09 11:15:12
3304409,2026-10-09,19,34,2026-10-09 11:15:22
3304409,2026-10-10,18,35,2026-10-09 11:15:22
3304409,2026-10-11,17,31,2026-10-09 11:15:22
3304409,2026-10-12,18,27,2026-10-09 11:15:22
3304409,2026-10-13,17,31,2026-10-09 11:15:22
3304508,2026-10-09,20,32,2026-10-09 11:15:33
3304508,2026-10-10,20,33,2026-10-09 11:15:33
3304508,2026-10-11,20,29,2026-10-09 11:15:33
3304508,2026-10-12,20,28,2026-10-09 11:15:33
3304508,2026-10-13,20,32,2026-10-09 11:15:33
3304524,2026-10-09,20,33,2026-10-09 11:15:43
3304524,2026-10-10,22,32,2026-10-09 11:15:43
3304524,2026-10-11,23,33,2026-10-09 11:15:43
3304524,2026-10-12,22,31,2026-10-09 11:15:43
3304524,2026-10-13,21,31,2026-10-09 11:15:43
3304557,2026-10-09,19,33,2026-10-09 11:15:52
3304557,2026-10-10,21,33,2026-10-09 11:15:52
3304557,2026-10-11,21,34,2026-10-09 11:15:52
3304557,2026-10-12,21,33,2026-10-09 11:15:52
3304557,2026-10-13,20,35,2026-10-09 11:15:52
3304607,2026-10-09,17,34,2026-10-09 11:16:02
3304607,2026-10-10,20,34,2026-10-09 11:16:02
3304607,2026-10-11,20,33,2026-10-09 11:16:02
3304607,2026-10-12,19,32,2026-10-09 11:16:02
3304607,2026-10-13,20,33,2026-10-09 11:16:02
3304706,2026-10-09,21,33,2026-10-09 11:16:10
3304706,2026-10-10,22,34,2026-10-09 11:16:10
3304706,2026-10-11,23,32,2026-10-09 11:16:10
3304706,2026-10-12,22,32,2026-10-09 11:16:10
3304706,2026-10-13,21,33,2026-10-09 11:16:10
3304755,2026-10-09,22,32,2026-10-09 11:16:20
3304755,2026-10-10,21,33,2026-10-09 11:16:20
3304755,2026-10-11,22,33,2026-10-09 11:16:20
3304755,2026-10-12,21,32,2026-10-09 11:16:20
3304755,2026-10-13,21,32,2026-10-09 11:16:20
3304805,2026-10-09,18,34,2026-10-09 11:16:27
3304805,2026-10-10,21,34,2026-10-09 11:16:27
3304805,2026-10-11,20,34,2026-10-09 11:16:27
3304805,2026-10-12,19,34,2026-10-09 11:16:27
3304805,2026-10-13,20,33,2026-10-09 11:16:27
3304904,2026-10-09,20,35,2026-10-09 11:16:36
3304904,2026-10-10,22,37,2026-10-09 11:16:36
3304904,2026-10-11,22,29,2026-10-09 11:16:36
3304904,2026-10-12,21,28,2026-10-09 11:16:36
3304904,2026-10-13,21,32,2026-10-09 11:16:36
3305000,2026-10-09,21,31,2026-10-09 11:16:45
3305000,2026-10-10,22,30,2026-10-09 11:16:45
3305000,2026-10-11,23,30,2026-10-09 11:16:45
3305000,2026-10-12,22,30,2026-10-09 11:16:45
3305000,2026-10-13,22,32,2026-10-09 11:16:45
3305109,2026-10-09,22,25,2026-10-09 11:16:55
3305109,2026-10-10,23,27,2026-10-09 11:16:55
3305109,2026-10-11,22,24,2026-10-09 11:16:55
3305109,2026-10-12,22,26,2026-10-09 11:16:55
3305109,2026-10-13,22,28,2026-10-09 11:16:55
3305133,2026-10-09,21,33,2026-10-09 11:17:04
3305133,2026-10-10,22,34,2026-10-09 11:17:04
3305133,2026-10-11,22,34,2026-10-09 11:17:04
3305133,2026-10-12,22,32,2026-10-09 11:17:04
3305133,2026-10-13,21,32,2026-10-09 11:17:04
3305158,2026-10-09,18,30,2026-10-09 11:17:13
3305158,2026-10-10,20,30,2026-10-09 11:17:13
3305158,2026-10-11,19,29,2026-10-09 11:17:13
3305158,2026-10-12,19,27,2026-10-09 11:17:13
3305158,2026-10-13,18,29,2026-10-09 11:17:13
3305208,2026-10-09,20,32,2026-10-09 11:17:23
3305208,2026-10-10,22,33,2026-10-09 11:17:23
3305208,2026-10-11,23,30,2026-10-09 11:17:23
3305208,2026-10-12,22,30,2026-10-09 11:17:23
3305208,2026-10-13,22,31,2026-10-09 11:17:23
3305307,2026-10-09,20,33,2026-10-09 11:17:31
3305307,2026-10-10,23,34,2026-10-09 11:17:31
3305307,2026-10-11,23,32,2026-10-09 11:17:31
3305307,2026-10-12,23,32,2026-10-09 11:17:31
3305307,2026-10-13,22,33,2026-10-09 11:17:31
3305406,2026-10-09,18,32,2026-10-09 11:17:39
3305406,2026-10-10,20,32,2026-10-09 11:17:39
3305406,2026-10-11,19,31,2026-10-09 11:17:39
3305406,2026-10-12,19,30,2026-10-09 11:17:39
3305406,2026-10-13,19,31,2026-10-09 11:17:39
3305505,2026-10-09,20,32,2026-10-09 11:17:47
3305505,2026-10-10,23,35,2026-10-09 11:17:47
3305505,2026-10-11,22,27,2026-10-09 11:17:47
3305505,2026-10-12,21,27,2026-10-09 11:17:47
3305505,2026-10-13,21,32,2026-10-09 11:17:47
3305554,2026-10-09,20,36,2026-10-09 11:17:56
3305554,2026-10-10,22,38,2026-10-09 11:17:56
3305554,2026-10-11,22,33,2026-10-09 11:17:56
3305554,2026-10-12,21,29,2026-10-09 11:17:56
3305554,2026-10-13,22,34,2026-10-09 11:17:56
3305604,2026-10-09,19,34,2026-10-09 11:18:03
3305604,2026-10-10,19,35,2026-10-09 11:18:03
3305604,2026-10-11,19,30,2026-10-09 11:18:03
3305604,2026-10-12,18,30,2026-10-09 11:18:04
3305604,2026-10-13,20,34,2026-10-09 11:18:04
3305703,2026-10-09,18,30,2026-10-09 11:18:13
3305703,2026-10-10,19,30,2026-10-09 11:18:13
3305703,2026-10-11,19,29,2026-10-09 11:18:13
3305703,2026-10-12,18,27,2026-10-09 11:18:13
3305703,2026-10-13,18,30,2026-10-09 11:18:13
3305752,2026-10-09,20,32,2026-10-09 11:18:21
3305752,2026-10-10,22,34,2026-10-09 11:18:21
3305752,2026-10-11,22,28,2026-10-09 11:18:21
3305752,2026-10-12,21,28,2026-10-09 11:18:21
3305752,2026-10-13,21,31,2026-10-09 11:18:21
3305802,2026-10-09,17,29,2026-10-09 11:18:31
3305802,2026-10-10,17,30,2026-10-09 11:18:31
3305802,2026-10-11,17,26,2026-10-09 11:18:31
3305802,2026-10-12,17,26,2026-10-09 11:18:31
3305802,2026-10-13,16,29,2026-10-09 11:18:31
3305901,2026-10-09,18,30,2026-10-09 11:18:42
3305901,2026-10-10,20,30,2026-10-09 11:18:42
3305901,2026-10-11,19,29,2026-10-09 11:18:42
3305901,2026-10-12,19,28,2026-10-09 11:18:42
3305901,2026-10-13,19,30,2026-10-09 11:18:42
3306008,2026-10-09,20,33,2026-10-09 11:18:51
3306008,2026-10-10,22,33,2026-10-09 11:18:51
3306008,2026-10-11,21,31,2026-10-09 11:18:51
3306008,2026-10-12,22,31,2026-10-09 11:18:51
3306008,2026-10-13,21,32,2026-10-09 11:18:51
3306107,2026-10-09,19,33,2026-10-09 11:18:58
3306107,2026-10-10,19,34,2026-10-09 11:18:58
3306107,2026-10-11,19,31,2026-10-09 11:18:58
3306107,2026-10-12,19,28,2026-10-09 11:18:58
3306107,2026-10-13,18,31,2026-10-09 11:18:58
3306156,2026-10-09,20,32,2026-10-09 11:19:05
3306156,2026-10-10,19,32,2026-10-09 11:19:05
3306156,2026-10-11,20,31,2026-10-09 11:19:05
3306156,2026-10-12,19,31,2026-10-09 11:19:05
3306156,2026-10-13,18,32,2026-10-09 11:19:06
3306206,2026-10-09,19,33,2026-10-09 11:19:14
3306206,2026-10-10,20,34,2026-10-09 11:19:14
3306206,2026-10-11,20,30,2026-10-09 11:19:14
3306206,2026-10-12,20,29,2026-10-09 11:19:14
3306206,2026-10-13,20,33,2026-10-09 11:19:14
3306305,2026-10-09,20,33,2026-10-09 11:19:21
3306305,2026-10-10,21,37,2026-10-09 11:19:21
3306305,2026-10-11,21,33,2026-10-09 11:19:21
3306305,2026-10-12,20,26,2026-10-09 11:19:21
3306305,2026-10-13,20,33,2026-10-09 11:19:21
